date_utc,raw_chunks,distinct_filename_hours,duplicate_hour_chunks,calibrated_usable_day
2020-02-17,48,24,24,NOT_EVALUATED
2020-02-18,37,22,15,NOT_EVALUATED
2020-02-19,29,23,6,NOT_EVALUATED
2020-02-20,25,24,1,NOT_EVALUATED
2020-02-21,24,24,0,NOT_EVALUATED
2020-02-22,24,24,0,NOT_EVALUATED
2020-02-23,24,24,0,NOT_EVALUATED
2020-02-24,24,24,0,NOT_EVALUATED
2020-02-25,24,24,0,NOT_EVALUATED
2020-02-26,24,24,0,NOT_EVALUATED
2020-02-27,18,18,0,NOT_EVALUATED
2020-02-28,9,9,0,NOT_EVALUATED
2020-02-29,24,24,0,NOT_EVALUATED
2020-03-01,24,24,0,NOT_EVALUATED
2020-03-02,24,24,0,NOT_EVALUATED
2020-03-03,24,24,0,NOT_EVALUATED
2020-03-04,24,24,0,NOT_EVALUATED
2020-03-05,24,24,0,NOT_EVALUATED
2020-03-06,24,24,0,NOT_EVALUATED
2020-03-07,24,24,0,NOT_EVALUATED
2020-03-08,24,24,0,NOT_EVALUATED
2020-03-09,24,24,0,NOT_EVALUATED
2020-03-10,22,22,0,NOT_EVALUATED
2020-03-11,24,24,0,NOT_EVALUATED
2020-03-12,22,22,0,NOT_EVALUATED
2020-03-13,24,24,0,NOT_EVALUATED
2020-03-14,24,24,0,NOT_EVALUATED
2020-03-15,22,22,0,NOT_EVALUATED
2020-03-16,23,23,0,NOT_EVALUATED
2020-03-17,24,24,0,NOT_EVALUATED
2020-03-18,24,24,0,NOT_EVALUATED
2020-03-19,22,22,0,NOT_EVALUATED
2020-03-20,23,23,0,NOT_EVALUATED
2020-03-21,24,24,0,NOT_EVALUATED
2020-03-22,21,21,0,NOT_EVALUATED
2020-03-23,21,21,0,NOT_EVALUATED
2020-03-24,23,23,0,NOT_EVALUATED
2020-03-25,21,21,0,NOT_EVALUATED
2020-03-26,22,22,0,NOT_EVALUATED
2020-03-27,21,21,0,NOT_EVALUATED
2020-03-28,21,21,0,NOT_EVALUATED
2020-03-29,21,21,0,NOT_EVALUATED
2020-03-30,21,21,0,NOT_EVALUATED
2020-03-31,21,21,0,NOT_EVALUATED
2020-04-01,21,21,0,NOT_EVALUATED
2020-04-02,21,21,0,NOT_EVALUATED
2020-04-03,22,22,0,NOT_EVALUATED
2020-04-04,21,21,0,NOT_EVALUATED
2020-04-05,21,21,0,NOT_EVALUATED
2020-04-06,21,21,0,NOT_EVALUATED
2020-04-07,21,21,0,NOT_EVALUATED
2020-04-08,15,15,0,NOT_EVALUATED
2020-04-09,21,21,0,NOT_EVALUATED
2020-04-10,21,21,0,NOT_EVALUATED
2020-04-11,21,21,0,NOT_EVALUATED
2020-04-12,21,21,0,NOT_EVALUATED
2020-04-13,21,21,0,NOT_EVALUATED
2020-04-14,21,21,0,NOT_EVALUATED
2020-04-15,21,21,0,NOT_EVALUATED
2020-04-16,21,21,0,NOT_EVALUATED
2020-04-17,23,23,0,NOT_EVALUATED
2020-04-18,24,24,0,NOT_EVALUATED
2020-04-19,24,24,0,NOT_EVALUATED
2020-04-20,10,10,0,NOT_EVALUATED
2020-04-21,14,14,0,NOT_EVALUATED
2020-04-22,0,0,0,NOT_EVALUATED
2020-04-23,0,0,0,NOT_EVALUATED
2020-04-24,0,0,0,NOT_EVALUATED
2020-04-25,0,0,0,NOT_EVALUATED
2020-04-26,0,0,0,NOT_EVALUATED
2020-04-27,0,0,0,NOT_EVALUATED
2020-04-28,23,23,0,NOT_EVALUATED
2020-04-29,23,23,0,NOT_EVALUATED
2020-04-30,24,24,0,NOT_EVALUATED
2020-05-01,24,24,0,NOT_EVALUATED
2020-05-02,24,24,0,NOT_EVALUATED
2020-05-03,24,24,0,NOT_EVALUATED
2020-05-04,24,24,0,NOT_EVALUATED
2020-05-05,26,24,2,NOT_EVALUATED
2020-05-06,19,19,0,NOT_EVALUATED
2020-05-07,21,21,0,NOT_EVALUATED
2020-05-08,24,24,0,NOT_EVALUATED
2020-05-09,22,22,0,NOT_EVALUATED
2020-05-10,19,19,0,NOT_EVALUATED
2020-05-11,18,18,0,NOT_EVALUATED
2020-05-12,20,20,0,NOT_EVALUATED
2020-05-13,24,24,0,NOT_EVALUATED
2020-05-14,24,24,0,NOT_EVALUATED
2020-05-15,23,22,1,NOT_EVALUATED
2020-05-16,22,22,0,NOT_EVALUATED
2020-05-17,24,24,0,NOT_EVALUATED
2020-05-18,24,24,0,NOT_EVALUATED
2020-05-19,24,24,0,NOT_EVALUATED
2020-05-20,24,24,0,NOT_EVALUATED
2020-05-21,24,24,0,NOT_EVALUATED
2020-05-22,24,24,0,NOT_EVALUATED
2020-05-23,24,24,0,NOT_EVALUATED
2020-05-24,24,24,0,NOT_EVALUATED
2020-05-25,24,24,0,NOT_EVALUATED
2020-05-26,24,24,0,NOT_EVALUATED
2020-05-27,24,24,0,NOT_EVALUATED
2020-05-28,24,24,0,NOT_EVALUATED
2020-05-29,24,24,0,NOT_EVALUATED
2020-05-30,24,24,0,NOT_EVALUATED
2020-05-31,24,24,0,NOT_EVALUATED
2020-06-01,24,24,0,NOT_EVALUATED
2020-06-02,24,24,0,NOT_EVALUATED
2020-06-03,24,24,0,NOT_EVALUATED
2020-06-04,24,24,0,NOT_EVALUATED
2020-06-05,24,24,0,NOT_EVALUATED
2020-06-06,24,24,0,NOT_EVALUATED
2020-06-07,24,24,0,NOT_EVALUATED
2020-06-08,24,24,0,NOT_EVALUATED
2020-06-09,24,24,0,NOT_EVALUATED
2020-06-10,24,24,0,NOT_EVALUATED
2020-06-11,24,24,0,NOT_EVALUATED
2020-06-12,24,24,0,NOT_EVALUATED
2020-06-13,23,22,1,NOT_EVALUATED
2020-06-14,21,21,0,NOT_EVALUATED
2020-06-15,24,24,0,NOT_EVALUATED
2020-06-16,24,24,0,NOT_EVALUATED
2020-06-17,24,24,0,NOT_EVALUATED
2020-06-18,24,24,0,NOT_EVALUATED
2020-06-19,25,24,1,NOT_EVALUATED
2020-06-20,24,24,0,NOT_EVALUATED
2020-06-21,21,21,0,NOT_EVALUATED
2020-06-22,21,21,0,NOT_EVALUATED
2020-06-23,21,21,0,NOT_EVALUATED
2020-06-24,21,21,0,NOT_EVALUATED
2020-06-25,21,21,0,NOT_EVALUATED
2020-06-26,23,23,0,NOT_EVALUATED
2020-06-27,24,24,0,NOT_EVALUATED
2020-06-28,23,23,0,NOT_EVALUATED
2020-06-29,23,23,0,NOT_EVALUATED
2020-06-30,24,24,0,NOT_EVALUATED
2020-07-01,24,24,0,NOT_EVALUATED
2020-07-02,24,24,0,NOT_EVALUATED
2020-07-03,24,24,0,NOT_EVALUATED
2020-07-04,24,24,0,NOT_EVALUATED
2020-07-05,24,24,0,NOT_EVALUATED
2020-07-06,24,24,0,NOT_EVALUATED
2020-07-07,24,24,0,NOT_EVALUATED
2020-07-08,24,24,0,NOT_EVALUATED
2020-07-09,24,24,0,NOT_EVALUATED
2020-07-10,24,24,0,NOT_EVALUATED
2020-07-11,24,24,0,NOT_EVALUATED
2020-07-12,24,24,0,NOT_EVALUATED
2020-07-13,24,24,0,NOT_EVALUATED
2020-07-14,24,24,0,NOT_EVALUATED
2020-07-15,24,24,0,NOT_EVALUATED
2020-07-16,24,24,0,NOT_EVALUATED
2020-07-17,24,24,0,NOT_EVALUATED
2020-07-18,24,24,0,NOT_EVALUATED
2020-07-19,24,24,0,NOT_EVALUATED
2020-07-20,24,24,0,NOT_EVALUATED
2020-07-21,24,24,0,NOT_EVALUATED
2020-07-22,24,24,0,NOT_EVALUATED
2020-07-23,23,23,0,NOT_EVALUATED
2020-07-24,24,24,0,NOT_EVALUATED
2020-07-25,22,22,0,NOT_EVALUATED
2020-07-26,22,22,0,NOT_EVALUATED
2020-07-27,24,24,0,NOT_EVALUATED
2020-07-28,24,24,0,NOT_EVALUATED
2020-07-29,24,24,0,NOT_EVALUATED
2020-07-30,24,24,0,NOT_EVALUATED
2020-07-31,11,11,0,NOT_EVALUATED
2020-08-01,12,9,3,NOT_EVALUATED
